1,sdfasfda,asdfdsfa
0,bwewqwl,12345sdafsadf
1,sdfasfda,asdfdsfa
0,bwewqwl,12345sdafsadf
1,sdfasfda,asdfdsfa
0,bwewqwl,12345sdafsadf
1,sdfasfda,asdfdsfa
0,bwewqwl,12345sdafsadf
1,sdfasfda,asdfdsfa
0,bwewqwl,12345sdafsadf
1,sdfasfda,asdfdsfa
0,bwewqwl,12345sdafsadf
1,sdfasfda,asdfdsfa
0,bwewqwl,12345sdafsadf
1,sdfasfda,asdfdsfa
0,john,1234567
0,john,1234567
0,john,1234567
0,john,1234567
0,john,1234567
0,john,1234567
0,john,1234567
0,john,1234567
0,john,1234567
0,john,1234567
0,john,1234567
0,john,1234567
0,john,1234567
0,john,1234567
0,john,1234567
0,john,1234567
0,john,1234567
0,john,1234567
0,john,1234567
0,john,1234567
0,john,1234567
0,john,1234567
0,john,1234567
0,john,1234567
0,john,1234567
0,john,1234567
